"","Sequence","Species1","Family1","Order1","Trophic.Niche"
"1",3103,"Accipiter albogularis","Accipitridae","Accipitriformes","Vertivore"
"2",3090,"Accipiter badius","Accipitridae","Accipitriformes","Vertivore"
"3",3125,"Accipiter bicolor","Accipitridae","Accipitriformes","Vertivore"
"4",3116,"Accipiter brachyurus","Accipitridae","Accipitriformes","Vertivore"
"5",3092,"Accipiter brevipes","Accipitridae","Accipitriformes","Vertivore"
"6",3091,"Accipiter butleri","Accipitridae","Accipitriformes","Vertivore"
"7",3089,"Accipiter castanilius","Accipitridae","Accipitriformes","Vertivore"
"8",3115,"Accipiter cirrocephalus","Accipitridae","Accipitriformes","Vertivore"
"9",3130,"Accipiter collaris","Accipitridae","Accipitriformes","Vertivore"
"10",3123,"Accipiter cooperii","Accipitridae","Accipitriformes","Vertivore"
"11",3114,"Accipiter erythrauchen","Accipitridae","Accipitriformes","Vertivore"
"12",3109,"Accipiter erythropus","Accipitridae","Accipitriformes","Vertivore"
"13",3101,"Accipiter fasciatus","Accipitridae","Accipitriformes","Vertivore"
"14",3094,"Accipiter francesiae","Accipitridae","Accipitriformes","Invertivore"
"15",3128,"Accipiter gentilis","Accipitridae","Accipitriformes","Vertivore"
"16",3086,"Accipiter griseiceps","Accipitridae","Accipitriformes","Vertivore"
"17",3111,"Accipiter gularis","Accipitridae","Accipitriformes","Vertivore"
"18",3124,"Accipiter gundlachi","Accipitridae","Accipitriformes","Vertivore"
"19",3104,"Accipiter haplochrous","Accipitridae","Accipitriformes","Vertivore"
"20",3106,"Accipiter henicogrammus","Accipitridae","Accipitriformes","Vertivore"
"21",3126,"Accipiter henstii","Accipitridae","Accipitriformes","Vertivore"
"22",3097,"Accipiter hiogaster","Accipitridae","Accipitriformes","Vertivore"
"23",3108,"Accipiter imitator","Accipitridae","Accipitriformes","Vertivore"
"24",3107,"Accipiter luteoschistaceus","Accipitridae","Accipitriformes","Vertivore"
"25",3118,"Accipiter madagascariensis","Accipitridae","Accipitriformes","Vertivore"
"26",3102,"Accipiter melanochlamys","Accipitridae","Accipitriformes","Vertivore"
"27",3127,"Accipiter melanoleucus","Accipitridae","Accipitriformes","Vertivore"
"28",3129,"Accipiter meyerianus","Accipitridae","Accipitriformes","Vertivore"
"29",3110,"Accipiter minullus","Accipitridae","Accipitriformes","Vertivore"
"30",3113,"Accipiter nanus","Accipitridae","Accipitriformes","Invertivore"
"31",3120,"Accipiter nisus","Accipitridae","Accipitriformes","Vertivore"
"32",3098,"Accipiter novaehollandiae","Accipitridae","Accipitriformes","Vertivore"
"33",3119,"Accipiter ovampensis","Accipitridae","Accipitriformes","Vertivore"
"34",3099,"Accipiter poliocephalus","Accipitridae","Accipitriformes","Vertivore"
"35",3084,"Accipiter poliogaster","Accipitridae","Accipitriformes","Vertivore"
"36",3100,"Accipiter princeps","Accipitridae","Accipitriformes","Vertivore"
"37",3117,"Accipiter rhodogaster","Accipitridae","Accipitriformes","Vertivore"
"38",3105,"Accipiter rufitorques","Accipitridae","Accipitriformes","Vertivore"
"39",3121,"Accipiter rufiventris","Accipitridae","Accipitriformes","Vertivore"
"40",3093,"Accipiter soloensis","Accipitridae","Accipitriformes","Vertivore"
"41",3122,"Accipiter striatus","Accipitridae","Accipitriformes","Vertivore"
"42",3131,"Accipiter superciliosus","Accipitridae","Accipitriformes","Vertivore"
"43",3096,"Accipiter sylvestris","Accipitridae","Accipitriformes","Vertivore"
"44",3088,"Accipiter tachiro","Accipitridae","Accipitriformes","Vertivore"
"45",3087,"Accipiter toussenelii","Accipitridae","Accipitriformes","Vertivore"
"46",3095,"Accipiter trinotatus","Accipitridae","Accipitriformes","Vertivore"
"47",3085,"Accipiter trivirgatus","Accipitridae","Accipitriformes","Vertivore"
"48",3112,"Accipiter virgatus","Accipitridae","Accipitriformes","Vertivore"
"49",3018,"Aegypius monachus","Accipitridae","Accipitriformes","Scavenger"
"50",3047,"Aquila adalberti","Accipitridae","Accipitriformes","Vertivore"
"51",3055,"Aquila africana","Accipitridae","Accipitriformes","Vertivore"
"52",3051,"Aquila audax","Accipitridae","Accipitriformes","Vertivore"
"53",3050,"Aquila chrysaetos","Accipitridae","Accipitriformes","Vertivore"
"54",3053,"Aquila fasciata","Accipitridae","Accipitriformes","Vertivore"
"55",3049,"Aquila gurneyi","Accipitridae","Accipitriformes","Vertivore"
"56",3048,"Aquila heliaca","Accipitridae","Accipitriformes","Vertivore"
"57",3046,"Aquila nipalensis","Accipitridae","Accipitriformes","Vertivore"
"58",3045,"Aquila rapax","Accipitridae","Accipitriformes","Vertivore"
"59",3054,"Aquila spilogaster","Accipitridae","Accipitriformes","Vertivore"
"60",3052,"Aquila verreauxii","Accipitridae","Accipitriformes","Vertivore"
"61",2981,"Aviceda cuculoides","Accipitridae","Accipitriformes","Vertivore"
"62",2983,"Aviceda jerdoni","Accipitridae","Accipitriformes","Omnivore"
"63",2985,"Aviceda leuphotes","Accipitridae","Accipitriformes","Invertivore"
"64",2982,"Aviceda madagascariensis","Accipitridae","Accipitriformes","Vertivore"
"65",2984,"Aviceda subcristata","Accipitridae","Accipitriformes","Omnivore"
"66",3151,"Busarellus nigricollis","Accipitridae","Accipitriformes","Aquatic predator"
"67",3156,"Butastur indicus","Accipitridae","Accipitriformes","Vertivore"
"68",3155,"Butastur liventer","Accipitridae","Accipitriformes","Vertivore"
"69",3153,"Butastur rufipennis","Accipitridae","Accipitriformes","Invertivore"
"70",3154,"Butastur teesa","Accipitridae","Accipitriformes","Vertivore"
"71",3191,"Buteo albigula","Accipitridae","Accipitriformes","Vertivore"
"72",3195,"Buteo albonotatus","Accipitridae","Accipitriformes","Vertivore"
"73",3201,"Buteo augur","Accipitridae","Accipitriformes","Vertivore"
"74",3200,"Buteo auguralis","Accipitridae","Accipitriformes","Vertivore"
"75",3208,"Buteo brachypterus","Accipitridae","Accipitriformes","Vertivore"
"76",3192,"Buteo brachyurus","Accipitridae","Accipitriformes","Vertivore"
"77",3203,"Buteo buteo","Accipitridae","Accipitriformes","Vertivore"
"78",3194,"Buteo galapagoensis","Accipitridae","Accipitriformes","Vertivore"
"79",3211,"Buteo hemilasius","Accipitridae","Accipitriformes","Vertivore"
"80",3196,"Buteo jamaicensis","Accipitridae","Accipitriformes","Vertivore"
"81",3204,"Buteo japonicus","Accipitridae","Accipitriformes","Vertivore"
"82",3198,"Buteo lagopus","Accipitridae","Accipitriformes","Vertivore"
"83",3188,"Buteo lineatus","Accipitridae","Accipitriformes","Vertivore"
"84",3186,"Buteo nitidus","Accipitridae","Accipitriformes","Vertivore"
"85",3206,"Buteo oreophilus","Accipitridae","Accipitriformes","Vertivore"
"86",3185,"Buteo plagiatus","Accipitridae","Accipitriformes","Vertivore"
"87",3189,"Buteo platypterus","Accipitridae","Accipitriformes","Vertivore"
"88",3205,"Buteo refectus","Accipitridae","Accipitriformes","Vertivore"
"89",3199,"Buteo regalis","Accipitridae","Accipitriformes","Vertivore"
"90",3187,"Buteo ridgwayi","Accipitridae","Accipitriformes","Vertivore"
"91",3209,"Buteo rufinus","Accipitridae","Accipitriformes","Vertivore"
"92",3202,"Buteo rufofuscus","Accipitridae","Accipitriformes","Vertivore"
"93",3210,"Buteo socotraensis","Accipitridae","Accipitriformes","Vertivore"
"94",3190,"Buteo solitarius","Accipitridae","Accipitriformes","Vertivore"
"95",3193,"Buteo swainsoni","Accipitridae","Accipitriformes","Vertivore"
"96",3207,"Buteo trizonatus","Accipitridae","Accipitriformes","Vertivore"
"97",3197,"Buteo ventralis","Accipitridae","Accipitriformes","Vertivore"
"98",3168,"Buteogallus aequinoctialis","Accipitridae","Accipitriformes","Aquatic predator"
"99",3166,"Buteogallus anthracinus","Accipitridae","Accipitriformes","Aquatic predator"
"100",3173,"Buteogallus coronatus","Accipitridae","Accipitriformes","Vertivore"
"101",3167,"Buteogallus gundlachii","Accipitridae","Accipitriformes","Omnivore"
"102",3170,"Buteogallus lacernulatus","Accipitridae","Accipitriformes","Vertivore"
"103",3169,"Buteogallus meridionalis","Accipitridae","Accipitriformes","Vertivore"
"104",3165,"Buteogallus schistaceus","Accipitridae","Accipitriformes","Vertivore"
"105",3172,"Buteogallus solitarius","Accipitridae","Accipitriformes","Vertivore"
"106",3171,"Buteogallus urubitinga","Accipitridae","Accipitriformes","Vertivore"
"107",2967,"Chelictinia riocourii","Accipitridae","Accipitriformes","Invertivore"
"108",2970,"Chondrohierax uncinatus","Accipitridae","Accipitriformes","Invertivore"
"109",2971,"Chondrohierax wilsonii","Accipitridae","Accipitriformes","Invertivore"
"110",3002,"Circaetus beaudouini","Accipitridae","Accipitriformes","Vertivore"
"111",3006,"Circaetus cinerascens","Accipitridae","Accipitriformes","Vertivore"
"112",3004,"Circaetus cinereus","Accipitridae","Accipitriformes","Vertivore"
"113",3005,"Circaetus fasciolatus","Accipitridae","Accipitriformes","Vertivore"
"114",3001,"Circaetus gallicus","Accipitridae","Accipitriformes","Vertivore"
"115",3003,"Circaetus pectoralis","Accipitridae","Accipitriformes","Vertivore"
"116",3068,"Circus aeruginosus","Accipitridae","Accipitriformes","Vertivore"
"117",3071,"Circus approximans","Accipitridae","Accipitriformes","Vertivore"
"118",3076,"Circus assimilis","Accipitridae","Accipitriformes","Vertivore"
"119",3075,"Circus buffoni","Accipitridae","Accipitriformes","Vertivore"
"120",3080,"Circus cinereus","Accipitridae","Accipitriformes","Vertivore"
"121",3078,"Circus cyaneus","Accipitridae","Accipitriformes","Vertivore"
"122",3079,"Circus hudsonius","Accipitridae","Accipitriformes","Vertivore"
"123",3074,"Circus macrosceles","Accipitridae","Accipitriformes","Vertivore"
"124",3081,"Circus macrourus","Accipitridae","Accipitriformes","Vertivore"
"125",3073,"Circus maillardi","Accipitridae","Accipitriformes","Vertivore"
"126",3077,"Circus maurus","Accipitridae","Accipitriformes","Vertivore"
"127",3082,"Circus melanoleucos","Accipitridae","Accipitriformes","Vertivore"
"128",3083,"Circus pygargus","Accipitridae","Accipitriformes","Vertivore"
"129",3072,"Circus ranivorus","Accipitridae","Accipitriformes","Vertivore"
"130",3069,"Circus spilonotus","Accipitridae","Accipitriformes","Vertivore"
"131",3070,"Circus spilothorax","Accipitridae","Accipitriformes","Vertivore"
"132",3044,"Clanga clanga","Accipitridae","Accipitriformes","Vertivore"
"133",3043,"Clanga hastata","Accipitridae","Accipitriformes","Vertivore"
"134",3042,"Clanga pomarina","Accipitridae","Accipitriformes","Vertivore"
"135",3164,"Cryptoleucopteryx plumbea","Accipitridae","Accipitriformes","Vertivore"
"136",2998,"Dryotriorchis spectabilis","Accipitridae","Accipitriformes","Vertivore"
"137",2972,"Elanoides forficatus","Accipitridae","Accipitriformes","Invertivore"
"138",2963,"Elanus axillaris","Accipitridae","Accipitriformes","Vertivore"
"139",2962,"Elanus caeruleus","Accipitridae","Accipitriformes","Vertivore"
"140",2964,"Elanus leucurus","Accipitridae","Accipitriformes","Vertivore"
"141",2965,"Elanus scriptus","Accipitridae","Accipitriformes","Vertivore"
"142",3132,"Erythrotriorchis buergersi","Accipitridae","Accipitriformes","Vertivore"
"143",3133,"Erythrotriorchis radiatus","Accipitridae","Accipitriformes","Vertivore"
"144",2986,"Eutriorchis astur","Accipitridae","Accipitriformes","Vertivore"
"145",2966,"Gampsonyx swainsonii","Accipitridae","Accipitriformes","Vertivore"
"146",3175,"Geranoaetus albicaudatus","Accipitridae","Accipitriformes","Vertivore"
"147",3177,"Geranoaetus melanoleucus","Accipitridae","Accipitriformes","Vertivore"
"148",3176,"Geranoaetus polyosoma","Accipitridae","Accipitriformes","Vertivore"
"149",3152,"Geranospiza caerulescens","Accipitridae","Accipitriformes","Vertivore"
"150",2990,"Gypaetus barbatus","Accipitridae","Accipitriformes","Scavenger"
"151",2989,"Gypohierax angolensis","Accipitridae","Accipitriformes","Frugivore"
"152",3012,"Gyps africanus","Accipitridae","Accipitriformes","Scavenger"
"153",3011,"Gyps bengalensis","Accipitridae","Accipitriformes","Scavenger"
"154",3015,"Gyps coprotheres","Accipitridae","Accipitriformes","Scavenger"
"155",3017,"Gyps fulvus","Accipitridae","Accipitriformes","Scavenger"
"156",3010,"Gyps himalayensis","Accipitridae","Accipitriformes","Scavenger"
"157",3013,"Gyps indicus","Accipitridae","Accipitriformes","Scavenger"
"158",3016,"Gyps rueppelli","Accipitridae","Accipitriformes","Scavenger"
"159",3014,"Gyps tenuirostris","Accipitridae","Accipitriformes","Scavenger"
"160",3141,"Haliaeetus albicilla","Accipitridae","Accipitriformes","Aquatic predator"
"161",3142,"Haliaeetus leucocephalus","Accipitridae","Accipitriformes","Omnivore"
"162",3136,"Haliaeetus leucogaster","Accipitridae","Accipitriformes","Aquatic predator"
"163",3140,"Haliaeetus leucoryphus","Accipitridae","Accipitriformes","Aquatic predator"
"164",3143,"Haliaeetus pelagicus","Accipitridae","Accipitriformes","Aquatic predator"
"165",3137,"Haliaeetus sanfordi","Accipitridae","Accipitriformes","Omnivore"
"166",3138,"Haliaeetus vocifer","Accipitridae","Accipitriformes","Aquatic predator"
"167",3139,"Haliaeetus vociferoides","Accipitridae","Accipitriformes","Aquatic predator"
"168",3147,"Haliastur indus","Accipitridae","Accipitriformes","Omnivore"
"169",3146,"Haliastur sphenurus","Accipitridae","Accipitriformes","Omnivore"
"170",2977,"Hamirostra melanosternon","Accipitridae","Accipitriformes","Vertivore"
"171",3066,"Harpagus bidentatus","Accipitridae","Accipitriformes","Invertivore"
"172",3067,"Harpagus diodon","Accipitridae","Accipitriformes","Invertivore"
"173",3023,"Harpia harpyja","Accipitridae","Accipitriformes","Vertivore"
"174",3021,"Harpyopsis novaeguineae","Accipitridae","Accipitriformes","Vertivore"
"175",3160,"Helicolestes hamatus","Accipitridae","Accipitriformes","Invertivore"
"176",2980,"Henicopernis infuscatus","Accipitridae","Accipitriformes","Invertivore"
"177",2979,"Henicopernis longicauda","Accipitridae","Accipitriformes","Invertivore"
"178",3060,"Hieraaetus ayresii","Accipitridae","Accipitriformes","Vertivore"
"179",3059,"Hieraaetus morphnoides","Accipitridae","Accipitriformes","Vertivore"
"180",3057,"Hieraaetus pennatus","Accipitridae","Accipitriformes","Vertivore"
"181",3056,"Hieraaetus wahlbergi","Accipitridae","Accipitriformes","Vertivore"
"182",3058,"Hieraaetus weiskei","Accipitridae","Accipitriformes","Vertivore"
"183",3144,"Icthyophaga humilis","Accipitridae","Accipitriformes","Aquatic predator"
"184",3145,"Icthyophaga ichthyaetus","Accipitridae","Accipitriformes","Aquatic predator"
"185",3040,"Ictinaetus malaiensis","Accipitridae","Accipitriformes","Vertivore"
"186",3157,"Ictinia mississippiensis","Accipitridae","Accipitriformes","Invertivore"
"187",3158,"Ictinia plumbea","Accipitridae","Accipitriformes","Invertivore"
"188",3061,"Kaupifalco monogrammicus","Accipitridae","Accipitriformes","Invertivore"
"189",2968,"Leptodon cayanensis","Accipitridae","Accipitriformes","Omnivore"
"190",2969,"Leptodon forbesi","Accipitridae","Accipitriformes","Omnivore"
"191",3183,"Leucopternis kuhli","Accipitridae","Accipitriformes","Vertivore"
"192",3182,"Leucopternis melanops","Accipitridae","Accipitriformes","Vertivore"
"193",3181,"Leucopternis semiplumbeus","Accipitridae","Accipitriformes","Vertivore"
"194",3041,"Lophaetus occipitalis","Accipitridae","Accipitriformes","Vertivore"
"195",2978,"Lophoictinia isura","Accipitridae","Accipitriformes","Vertivore"
"196",3034,"Lophotriorchis kienerii","Accipitridae","Accipitriformes","Vertivore"
"197",3020,"Macheiramphus alcinus","Accipitridae","Accipitriformes","Vertivore"
"198",3134,"Megatriorchis doriae","Accipitridae","Accipitriformes","Vertivore"
"199",3063,"Melierax canorus","Accipitridae","Accipitriformes","Vertivore"
"200",3062,"Melierax metabates","Accipitridae","Accipitriformes","Vertivore"
"201",3064,"Melierax poliopterus","Accipitridae","Accipitriformes","Vertivore"
"202",3065,"Micronisus gabar","Accipitridae","Accipitriformes","Vertivore"
"203",3150,"Milvus aegyptius","Accipitridae","Accipitriformes","Omnivore"
"204",3149,"Milvus migrans","Accipitridae","Accipitriformes","Omnivore"
"205",3148,"Milvus milvus","Accipitridae","Accipitriformes","Omnivore"
"206",3174,"Morphnarchus princeps","Accipitridae","Accipitriformes","Vertivore"
"207",3022,"Morphnus guianensis","Accipitridae","Accipitriformes","Vertivore"
"208",3009,"Necrosyrtes monachus","Accipitridae","Accipitriformes","Scavenger"
"209",2991,"Neophron percnopterus","Accipitridae","Accipitriformes","Scavenger"
"210",3028,"Nisaetus alboniger","Accipitridae","Accipitriformes","Vertivore"
"211",3026,"Nisaetus bartelsi","Accipitridae","Accipitriformes","Vertivore"
"212",3032,"Nisaetus cirrhatus","Accipitridae","Accipitriformes","Vertivore"
"213",3033,"Nisaetus floris","Accipitridae","Accipitriformes","Vertivore"
"214",3029,"Nisaetus lanceolatus","Accipitridae","Accipitriformes","Vertivore"
"215",3027,"Nisaetus nanus","Accipitridae","Accipitriformes","Vertivore"
"216",3025,"Nisaetus nipalensis","Accipitridae","Accipitriformes","Vertivore"
"217",3030,"Nisaetus philippensis","Accipitridae","Accipitriformes","Vertivore"
"218",3031,"Nisaetus pinskeri","Accipitridae","Accipitriformes","Vertivore"
"219",3163,"Parabuteo leucorrhous","Accipitridae","Accipitriformes","Vertivore"
"220",3162,"Parabuteo unicinctus","Accipitridae","Accipitriformes","Vertivore"
"221",2973,"Pernis apivorus","Accipitridae","Accipitriformes","Invertivore"
"222",2975,"Pernis celebensis","Accipitridae","Accipitriformes","Invertivore"
"223",2974,"Pernis ptilorhynchus","Accipitridae","Accipitriformes","Invertivore"
"224",2976,"Pernis steerei","Accipitridae","Accipitriformes","Invertivore"
"225",3000,"Pithecophaga jefferyi","Accipitridae","Accipitriformes","Vertivore"
"226",3035,"Polemaetus bellicosus","Accipitridae","Accipitriformes","Vertivore"
"227",2988,"Polyboroides radiatus","Accipitridae","Accipitriformes","Vertivore"
"228",2987,"Polyboroides typus","Accipitridae","Accipitriformes","Vertivore"
"229",3178,"Pseudastur albicollis","Accipitridae","Accipitriformes","Vertivore"
"230",3179,"Pseudastur occidentalis","Accipitridae","Accipitriformes","Vertivore"
"231",3180,"Pseudastur polionotus","Accipitridae","Accipitriformes","Vertivore"
"232",3159,"Rostrhamus sociabilis","Accipitridae","Accipitriformes","Aquatic predator"
"233",3161,"Rupornis magnirostris","Accipitridae","Accipitriformes","Vertivore"
"234",3007,"Sarcogyps calvus","Accipitridae","Accipitriformes","Scavenger"
"235",2992,"Spilornis cheela","Accipitridae","Accipitriformes","Vertivore"
"236",2997,"Spilornis elgini","Accipitridae","Accipitriformes","Vertivore"
"237",2993,"Spilornis holospilus","Accipitridae","Accipitriformes","Vertivore"
"238",2995,"Spilornis kinabaluensis","Accipitridae","Accipitriformes","Vertivore"
"239",2994,"Spilornis klossi","Accipitridae","Accipitriformes","Vertivore"
"240",2996,"Spilornis rufipectus","Accipitridae","Accipitriformes","Vertivore"
"241",3039,"Spizaetus isidori","Accipitridae","Accipitriformes","Vertivore"
"242",3037,"Spizaetus melanoleucus","Accipitridae","Accipitriformes","Vertivore"
"243",3038,"Spizaetus ornatus","Accipitridae","Accipitriformes","Vertivore"
"244",3036,"Spizaetus tyrannus","Accipitridae","Accipitriformes","Vertivore"
"245",3024,"Stephanoaetus coronatus","Accipitridae","Accipitriformes","Vertivore"
"246",2999,"Terathopius ecaudatus","Accipitridae","Accipitriformes","Omnivore"
"247",3019,"Torgos tracheliotos","Accipitridae","Accipitriformes","Scavenger"
"248",3008,"Trigonoceps occipitalis","Accipitridae","Accipitriformes","Scavenger"
"249",3135,"Urotriorchis macrourus","Accipitridae","Accipitriformes","Vertivore"
"250",2961,"Pandion haliaetus","Pandionidae","Accipitriformes","Aquatic predator"
"251",2960,"Sagittarius serpentarius","Sagittariidae","Accipitriformes","Vertivore"
"252",2582,"Anous albivittus","Laridae","Charadriiformes","Aquatic predator"
"253",2581,"Anous ceruleus","Laridae","Charadriiformes","Aquatic predator"
"254",2580,"Anous minutus","Laridae","Charadriiformes","Aquatic predator"
"255",2578,"Anous stolidus","Laridae","Charadriiformes","Aquatic predator"
"256",2579,"Anous tenuirostris","Laridae","Charadriiformes","Aquatic predator"
"257",2655,"Chlidonias albostriatus","Laridae","Charadriiformes","Aquatic predator"
"258",2656,"Chlidonias hybrida","Laridae","Charadriiformes","Aquatic predator"
"259",2657,"Chlidonias leucopterus","Laridae","Charadriiformes","Aquatic predator"
"260",2658,"Chlidonias niger","Laridae","Charadriiformes","Aquatic predator"
"261",2591,"Creagrus furcatus","Laridae","Charadriiformes","Aquatic predator"
"262",2652,"Gelochelidon macrotarsa","Laridae","Charadriiformes","Omnivore"
"263",2651,"Gelochelidon nilotica","Laridae","Charadriiformes","Omnivore"
"264",2583,"Gygis alba","Laridae","Charadriiformes","Aquatic predator"
"265",2584,"Gygis microrhyncha","Laridae","Charadriiformes","Aquatic predator"
"266",2589,"Hydrocoloeus minutus","Laridae","Charadriiformes","Aquatic predator"
"267",2653,"Hydroprogne caspia","Laridae","Charadriiformes","Aquatic predator"
"268",2654,"Larosterna inca","Laridae","Charadriiformes","Aquatic predator"
"269",2629,"Larus argentatus","Laridae","Charadriiformes","Aquatic predator"
"270",2630,"Larus armenicus","Laridae","Charadriiformes","Aquatic predator"
"271",2621,"Larus atlanticus","Laridae","Charadriiformes","Aquatic predator"
"272",2609,"Larus atricilla","Laridae","Charadriiformes","Aquatic predator"
"273",2616,"Larus audouinii","Laridae","Charadriiformes","Aquatic predator"
"274",2620,"Larus belcheri","Laridae","Charadriiformes","Aquatic predator"
"275",2598,"Larus brunnicephalus","Laridae","Charadriiformes","Aquatic predator"
"276",2605,"Larus bulleri","Laridae","Charadriiformes","Aquatic predator"
"277",2632,"Larus cachinnans","Laridae","Charadriiformes","Omnivore"
"278",2626,"Larus californicus","Laridae","Charadriiformes","Omnivore"
"279",2623,"Larus canus","Laridae","Charadriiformes","Omnivore"
"280",2603,"Larus cirrocephalus","Laridae","Charadriiformes","Aquatic predator"
"281",2619,"Larus crassirostris","Laridae","Charadriiformes","Aquatic predator"
"282",2622,"Larus delawarensis","Laridae","Charadriiformes","Omnivore"
"283",2627,"Larus dominicanus","Laridae","Charadriiformes","Omnivore"
"284",2610,"Larus fuliginosus","Laridae","Charadriiformes","Omnivore"
"285",2628,"Larus fuscus","Laridae","Charadriiformes","Aquatic predator"
"286",2597,"Larus genei","Laridae","Charadriiformes","Aquatic predator"
"287",2636,"Larus glaucescens","Laridae","Charadriiformes","Aquatic predator"
"288",2634,"Larus glaucoides","Laridae","Charadriiformes","Aquatic predator"
"289",2602,"Larus hartlaubii","Laridae","Charadriiformes","Aquatic predator"
"290",2617,"Larus heermanni","Laridae","Charadriiformes","Aquatic predator"
"291",2614,"Larus hemprichii","Laridae","Charadriiformes","Omnivore"
"292",2637,"Larus hyperboreus","Laridae","Charadriiformes","Omnivore"
"293",2611,"Larus ichthyaetus","Laridae","Charadriiformes","Omnivore"
"294",2615,"Larus leucophthalmus","Laridae","Charadriiformes","Aquatic predator"
"295",2624,"Larus livens","Laridae","Charadriiformes","Omnivore"
"296",2601,"Larus maculipennis","Laridae","Charadriiformes","Omnivore"
"297",2638,"Larus marinus","Laridae","Charadriiformes","Omnivore"
"298",2613,"Larus melanocephalus","Laridae","Charadriiformes","Omnivore"
"299",2631,"Larus michahellis","Laridae","Charadriiformes","Aquatic predator"
"300",2606,"Larus modestus","Laridae","Charadriiformes","Aquatic predator"
"301",2604,"Larus novaehollandiae","Laridae","Charadriiformes","Omnivore"
"302",2625,"Larus occidentalis","Laridae","Charadriiformes","Omnivore"
"303",2618,"Larus pacificus","Laridae","Charadriiformes","Aquatic predator"
"304",2596,"Larus philadelphia","Laridae","Charadriiformes","Omnivore"
"305",2608,"Larus pipixcan","Laridae","Charadriiformes","Omnivore"
"306",2612,"Larus relictus","Laridae","Charadriiformes","Aquatic predator"
"307",2599,"Larus ridibundus","Laridae","Charadriiformes","Aquatic predator"
"308",2635,"Larus schistisagus","Laridae","Charadriiformes","Omnivore"
"309",2607,"Larus scoresbii","Laridae","Charadriiformes","Omnivore"
"310",2600,"Larus serranus","Laridae","Charadriiformes","Aquatic predator"
"311",2633,"Larus smithsonianus","Laridae","Charadriiformes","Aquatic predator"
"312",2639,"Onychoprion aleuticus","Laridae","Charadriiformes","Aquatic predator"
"313",2641,"Onychoprion anaethetus","Laridae","Charadriiformes","Aquatic predator"
"314",2640,"Onychoprion fuscatus","Laridae","Charadriiformes","Aquatic predator"
"315",2642,"Onychoprion lunatus","Laridae","Charadriiformes","Aquatic predator"
"316",2593,"Pagophila eburnea","Laridae","Charadriiformes","Aquatic predator"
"317",2650,"Phaetusa simplex","Laridae","Charadriiformes","Aquatic predator"
"318",2590,"Rhodostethia rosea","Laridae","Charadriiformes","Aquatic predator"
"319",2594,"Rissa brevirostris","Laridae","Charadriiformes","Aquatic predator"
"320",2595,"Rissa tridactyla","Laridae","Charadriiformes","Aquatic predator"
"321",2587,"Rynchops albicollis","Laridae","Charadriiformes","Aquatic predator"
"322",2586,"Rynchops flavirostris","Laridae","Charadriiformes","Aquatic predator"
"323",2585,"Rynchops niger","Laridae","Charadriiformes","Aquatic predator"
"324",2588,"Saundersilarus saundersi","Laridae","Charadriiformes","Aquatic predator"
"325",2671,"Sterna acuticauda","Laridae","Charadriiformes","Aquatic predator"
"326",2659,"Sterna aurantia","Laridae","Charadriiformes","Aquatic predator"
"327",2660,"Sterna dougallii","Laridae","Charadriiformes","Aquatic predator"
"328",2669,"Sterna forsteri","Laridae","Charadriiformes","Aquatic predator"
"329",2663,"Sterna hirundinacea","Laridae","Charadriiformes","Aquatic predator"
"330",2664,"Sterna hirundo","Laridae","Charadriiformes","Aquatic predator"
"331",2666,"Sterna paradisaea","Laridae","Charadriiformes","Aquatic predator"
"332",2665,"Sterna repressa","Laridae","Charadriiformes","Aquatic predator"
"333",2661,"Sterna striata","Laridae","Charadriiformes","Aquatic predator"
"334",2662,"Sterna sumatrana","Laridae","Charadriiformes","Aquatic predator"
"335",2670,"Sterna trudeaui","Laridae","Charadriiformes","Aquatic predator"
"336",2668,"Sterna virgata","Laridae","Charadriiformes","Aquatic predator"
"337",2667,"Sterna vittata","Laridae","Charadriiformes","Aquatic predator"
"338",2643,"Sternula albifrons","Laridae","Charadriiformes","Aquatic predator"
"339",2645,"Sternula antillarum","Laridae","Charadriiformes","Aquatic predator"
"340",2649,"Sternula balaenarum","Laridae","Charadriiformes","Aquatic predator"
"341",2647,"Sternula lorata","Laridae","Charadriiformes","Aquatic predator"
"342",2648,"Sternula nereis","Laridae","Charadriiformes","Aquatic predator"
"343",2644,"Sternula saundersi","Laridae","Charadriiformes","Aquatic predator"
"344",2646,"Sternula superciliaris","Laridae","Charadriiformes","Aquatic predator"
"345",2672,"Thalasseus bengalensis","Laridae","Charadriiformes","Aquatic predator"
"346",2677,"Thalasseus bergii","Laridae","Charadriiformes","Aquatic predator"
"347",2673,"Thalasseus bernsteini","Laridae","Charadriiformes","Aquatic predator"
"348",2674,"Thalasseus elegans","Laridae","Charadriiformes","Aquatic predator"
"349",2676,"Thalasseus maximus","Laridae","Charadriiformes","Aquatic predator"
"350",2675,"Thalasseus sandvicensis","Laridae","Charadriiformes","Aquatic predator"
"351",2592,"Xema sabini","Laridae","Charadriiformes","Aquatic predator"
"352",3405,"Corythornis madagascariensis","Alcedinidae","Coraciiformes","Vertivore"
"353",1602,"Centropus menbeki","Cuculidae","Cuculiformes","Vertivore"
"354",1612,"Centropus senegalensis","Cuculidae","Cuculiformes","Vertivore"
"355",1617,"Centropus sinensis","Cuculidae","Cuculiformes","Vertivore"
"356",1660,"Coccyzus pluvialis","Cuculidae","Cuculiformes","Vertivore"
"357",1661,"Coccyzus rufigularis","Cuculidae","Cuculiformes","Vertivore"
"358",1664,"Coccyzus vetula","Cuculidae","Cuculiformes","Vertivore"
"359",4019,"Caracara cheriway","Falconidae","Falconiformes","Omnivore"
"360",4021,"Caracara plancus","Falconidae","Falconiformes","Omnivore"
"361",4029,"Daptrius ater","Falconidae","Falconiformes","Omnivore"
"362",4047,"Falco alopex","Falconidae","Falconiformes","Vertivore"
"363",4054,"Falco amurensis","Falconidae","Falconiformes","Invertivore"
"364",4041,"Falco araeus","Falconidae","Falconiformes","Vertivore"
"365",4048,"Falco ardosiaceus","Falconidae","Falconiformes","Vertivore"
"366",4066,"Falco berigora","Falconidae","Falconiformes","Vertivore"
"367",4069,"Falco biarmicus","Falconidae","Falconiformes","Vertivore"
"368",4044,"Falco cenchroides","Falconidae","Falconiformes","Invertivore"
"369",4071,"Falco cherrug","Falconidae","Falconiformes","Vertivore"
"370",4051,"Falco chicquera","Falconidae","Falconiformes","Vertivore"
"371",4057,"Falco columbarius","Falconidae","Falconiformes","Vertivore"
"372",4056,"Falco concolor","Falconidae","Falconiformes","Vertivore"
"373",4062,"Falco cuvierii","Falconidae","Falconiformes","Omnivore"
"374",4059,"Falco deiroleucus","Falconidae","Falconiformes","Vertivore"
"375",4049,"Falco dickinsoni","Falconidae","Falconiformes","Vertivore"
"376",4055,"Falco eleonorae","Falconidae","Falconiformes","Omnivore"
"377",4075,"Falco fasciinucha","Falconidae","Falconiformes","Vertivore"
"378",4060,"Falco femoralis","Falconidae","Falconiformes","Vertivore"
"379",4067,"Falco hypoleucos","Falconidae","Falconiformes","Vertivore"
"380",4070,"Falco jugger","Falconidae","Falconiformes","Vertivore"
"381",4064,"Falco longipennis","Falconidae","Falconiformes","Vertivore"
"382",4073,"Falco mexicanus","Falconidae","Falconiformes","Vertivore"
"383",4043,"Falco moluccensis","Falconidae","Falconiformes","Vertivore"
"384",4037,"Falco naumanni","Falconidae","Falconiformes","Invertivore"
"385",4039,"Falco newtoni","Falconidae","Falconiformes","Invertivore"
"386",4065,"Falco novaeseelandiae","Falconidae","Falconiformes","Vertivore"
"387",4074,"Falco peregrinus","Falconidae","Falconiformes","Vertivore"
"388",4040,"Falco punctatus","Falconidae","Falconiformes","Vertivore"
"389",4052,"Falco ruficollis","Falconidae","Falconiformes","Vertivore"
"390",4058,"Falco rufigularis","Falconidae","Falconiformes","Vertivore"
"391",4046,"Falco rupicoloides","Falconidae","Falconiformes","Invertivore"
"392",4072,"Falco rusticolus","Falconidae","Falconiformes","Vertivore"
"393",4063,"Falco severus","Falconidae","Falconiformes","Vertivore"
"394",4045,"Falco sparverius","Falconidae","Falconiformes","Omnivore"
"395",4061,"Falco subbuteo","Falconidae","Falconiformes","Invertivore"
"396",4068,"Falco subniger","Falconidae","Falconiformes","Vertivore"
"397",4038,"Falco tinnunculus","Falconidae","Falconiformes","Vertivore"
"398",4053,"Falco vespertinus","Falconidae","Falconiformes","Invertivore"
"399",4050,"Falco zoniventris","Falconidae","Falconiformes","Vertivore"
"400",4010,"Herpetotheres cachinnans","Falconidae","Falconiformes","Vertivore"
"401",4022,"Ibycter americanus","Falconidae","Falconiformes","Invertivore"
"402",4017,"Micrastur buckleyi","Falconidae","Falconiformes","Vertivore"
"403",4013,"Micrastur gilvicollis","Falconidae","Falconiformes","Vertivore"
"404",4014,"Micrastur mintoni","Falconidae","Falconiformes","Omnivore"
"405",4015,"Micrastur mirandollei","Falconidae","Falconiformes","Vertivore"
"406",4012,"Micrastur plumbeus","Falconidae","Falconiformes","Omnivore"
"407",4011,"Micrastur ruficollis","Falconidae","Falconiformes","Vertivore"
"408",4016,"Micrastur semitorquatus","Falconidae","Falconiformes","Vertivore"
"409",4030,"Microhierax caerulescens","Falconidae","Falconiformes","Invertivore"
"410",4033,"Microhierax erythrogenys","Falconidae","Falconiformes","Invertivore"
"411",4031,"Microhierax fringillarius","Falconidae","Falconiformes","Invertivore"
"412",4032,"Microhierax latifrons","Falconidae","Falconiformes","Invertivore"
"413",4034,"Microhierax melanoleucos","Falconidae","Falconiformes","Invertivore"
"414",4028,"Milvago chimachima","Falconidae","Falconiformes","Omnivore"
"415",4026,"Phalcoboenus albogularis","Falconidae","Falconiformes","Omnivore"
"416",4027,"Phalcoboenus australis","Falconidae","Falconiformes","Vertivore"
"417",4024,"Phalcoboenus carunculatus","Falconidae","Falconiformes","Omnivore"
"418",4023,"Phalcoboenus chimango","Falconidae","Falconiformes","Omnivore"
"419",4025,"Phalcoboenus megalopterus","Falconidae","Falconiformes","Omnivore"
"420",4036,"Polihierax insignis","Falconidae","Falconiformes","Vertivore"
"421",4035,"Polihierax semitorquatus","Falconidae","Falconiformes","Vertivore"
"422",4018,"Spiziapteryx circumcincta","Falconidae","Falconiformes","Vertivore"
"423",7024,"Aphelocoma californica","Corvidae","Passeriformes","Omnivore"
"424",7023,"Aphelocoma coerulescens","Corvidae","Passeriformes","Omnivore"
"425",7022,"Aphelocoma ultramarina","Corvidae","Passeriformes","Omnivore"
"426",7020,"Aphelocoma unicolor","Corvidae","Passeriformes","Omnivore"
"427",7021,"Aphelocoma wollweberi","Corvidae","Passeriformes","Omnivore"
"428",6936,"Cissa chinensis","Corvidae","Passeriformes","Omnivore"
"429",6937,"Cissa hypoleuca","Corvidae","Passeriformes","Omnivore"
"430",6939,"Cissa jefferyi","Corvidae","Passeriformes","Invertivore"
"431",6938,"Cissa thalassina","Corvidae","Passeriformes","Invertivore"
"432",6978,"Corvus albicollis","Corvidae","Passeriformes","Omnivore"
"433",6983,"Corvus albus","Corvidae","Passeriformes","Omnivore"
"434",7002,"Corvus bennetti","Corvidae","Passeriformes","Omnivore"
"435",6985,"Corvus brachyrhynchos","Corvidae","Passeriformes","Omnivore"
"436",6970,"Corvus capensis","Corvidae","Passeriformes","Omnivore"
"437",6986,"Corvus caurinus","Corvidae","Passeriformes","Omnivore"
"438",6979,"Corvus corax","Corvidae","Passeriformes","Omnivore"
"439",6987,"Corvus corone","Corvidae","Passeriformes","Omnivore"
"440",7005,"Corvus coronoides","Corvidae","Passeriformes","Omnivore"
"441",6977,"Corvus crassirostris","Corvidae","Passeriformes","Omnivore"
"442",6980,"Corvus cryptoleucus","Corvidae","Passeriformes","Omnivore"
"443",6965,"Corvus dauuricus","Corvidae","Passeriformes","Omnivore"
"444",6982,"Corvus edithae","Corvidae","Passeriformes","Omnivore"
"445",6992,"Corvus enca","Corvidae","Passeriformes","Omnivore"
"446",6989,"Corvus florensis","Corvidae","Passeriformes","Omnivore"
"447",6976,"Corvus frugilegus","Corvidae","Passeriformes","Omnivore"
"448",6998,"Corvus fuscicapillus","Corvidae","Passeriformes","Frugivore"
"449",6975,"Corvus hawaiiensis","Corvidae","Passeriformes","Omnivore"
"450",6973,"Corvus imparatus","Corvidae","Passeriformes","Omnivore"
"451",7000,"Corvus insularis","Corvidae","Passeriformes","Omnivore"
"452",6968,"Corvus jamaicensis","Corvidae","Passeriformes","Omnivore"
"453",7008,"Corvus kubaryi","Corvidae","Passeriformes","Omnivore"
"454",6969,"Corvus leucognaphalus","Corvidae","Passeriformes","Omnivore"
"455",7007,"Corvus macrorhynchos","Corvidae","Passeriformes","Omnivore"
"456",6996,"Corvus meeki","Corvidae","Passeriformes","Omnivore"
"457",7003,"Corvus mellori","Corvidae","Passeriformes","Omnivore"
"458",6966,"Corvus monedula","Corvidae","Passeriformes","Omnivore"
"459",6995,"Corvus moneduloides","Corvidae","Passeriformes","Omnivore"
"460",6967,"Corvus nasicus","Corvidae","Passeriformes","Omnivore"
"461",7001,"Corvus orru","Corvidae","Passeriformes","Omnivore"
"462",6971,"Corvus ossifragus","Corvidae","Passeriformes","Omnivore"
"463",6974,"Corvus palmarum","Corvidae","Passeriformes","Omnivore"
"464",6988,"Corvus pectoralis","Corvidae","Passeriformes","Omnivore"
"465",6984,"Corvus rhipidurus","Corvidae","Passeriformes","Omnivore"
"466",6981,"Corvus ruficollis","Corvidae","Passeriformes","Omnivore"
"467",6972,"Corvus sinaloae","Corvidae","Passeriformes","Omnivore"
"468",7006,"Corvus splendens","Corvidae","Passeriformes","Omnivore"
"469",7004,"Corvus tasmanicus","Corvidae","Passeriformes","Omnivore"
"470",6999,"Corvus tristis","Corvidae","Passeriformes","Frugivore"
"471",6990,"Corvus typicus","Corvidae","Passeriformes","Invertivore"
"472",6991,"Corvus unicolor","Corvidae","Passeriformes","Omnivore"
"473",6994,"Corvus validus","Corvidae","Passeriformes","Frugivore"
"474",6993,"Corvus violaceus","Corvidae","Passeriformes","Omnivore"
"475",6997,"Corvus woodfordi","Corvidae","Passeriformes","Omnivore"
"476",6920,"Crypsirina cucullata","Corvidae","Passeriformes","Invertivore"
"477",6919,"Crypsirina temia","Corvidae","Passeriformes","Omnivore"
"478",7025,"Cyanocitta cristata","Corvidae","Passeriformes","Omnivore"
"479",7026,"Cyanocitta stelleri","Corvidae","Passeriformes","Omnivore"
"480",7037,"Cyanocorax affinis","Corvidae","Passeriformes","Frugivore"
"481",7046,"Cyanocorax beecheii","Corvidae","Passeriformes","Omnivore"
"482",7042,"Cyanocorax cayanus","Corvidae","Passeriformes","Omnivore"
"483",7041,"Cyanocorax chrysops","Corvidae","Passeriformes","Invertivore"
"484",7030,"Cyanocorax coeruleus","Corvidae","Passeriformes","Omnivore"
"485",7032,"Cyanocorax colliei","Corvidae","Passeriformes","Omnivore"
"486",7029,"Cyanocorax cristatellus","Corvidae","Passeriformes","Omnivore"
"487",7028,"Cyanocorax cyanomelas","Corvidae","Passeriformes","Omnivore"
"488",7040,"Cyanocorax cyanopogon","Corvidae","Passeriformes","Omnivore"
"489",7036,"Cyanocorax dickeyi","Corvidae","Passeriformes","Omnivore"
"490",7033,"Cyanocorax formosus","Corvidae","Passeriformes","Omnivore"
"491",7039,"Cyanocorax hafferi","Corvidae","Passeriformes","Omnivore"
"492",7038,"Cyanocorax heilprini","Corvidae","Passeriformes","Omnivore"
"493",7043,"Cyanocorax melanocyaneus","Corvidae","Passeriformes","Invertivore"
"494",7031,"Cyanocorax morio","Corvidae","Passeriformes","Omnivore"
"495",7035,"Cyanocorax mystacalis","Corvidae","Passeriformes","Omnivore"
"496",7045,"Cyanocorax sanblasianus","Corvidae","Passeriformes","Omnivore"
"497",7027,"Cyanocorax violaceus","Corvidae","Passeriformes","Omnivore"
"498",7034,"Cyanocorax yncas","Corvidae","Passeriformes","Omnivore"
"499",7044,"Cyanocorax yucatanicus","Corvidae","Passeriformes","Omnivore"
"500",7012,"Cyanolyca argentigula","Corvidae","Passeriformes","Omnivore"
"501",7016,"Cyanolyca armillata","Corvidae","Passeriformes","Invertivore"
"502",7014,"Cyanolyca cucullata","Corvidae","Passeriformes","Omnivore"
"503",7009,"Cyanolyca mirabilis","Corvidae","Passeriformes","Invertivore"
"504",7010,"Cyanolyca nanus","Corvidae","Passeriformes","Invertivore"
"505",7013,"Cyanolyca pulchra","Corvidae","Passeriformes","Invertivore"
"506",7011,"Cyanolyca pumilo","Corvidae","Passeriformes","Invertivore"
"507",7015,"Cyanolyca quindiuna","Corvidae","Passeriformes","Invertivore"
"508",7017,"Cyanolyca turcosa","Corvidae","Passeriformes","Invertivore"
"509",7018,"Cyanolyca viridicyanus","Corvidae","Passeriformes","Invertivore"
"510",6943,"Cyanopica cooki","Corvidae","Passeriformes","Omnivore"
"511",6944,"Cyanopica cyanus","Corvidae","Passeriformes","Omnivore"
"512",6927,"Dendrocitta bayleii","Corvidae","Passeriformes","Omnivore"
"513",6924,"Dendrocitta cinerascens","Corvidae","Passeriformes","Omnivore"
"514",6922,"Dendrocitta formosae","Corvidae","Passeriformes","Omnivore"
"515",6926,"Dendrocitta frontalis","Corvidae","Passeriformes","Omnivore"
"516",6925,"Dendrocitta leucogastra","Corvidae","Passeriformes","Omnivore"
"517",6923,"Dendrocitta occipitalis","Corvidae","Passeriformes","Omnivore"
"518",6921,"Dendrocitta vagabunda","Corvidae","Passeriformes","Omnivore"
"519",6946,"Garrulus bispecularis","Corvidae","Passeriformes","Omnivore"
"520",6945,"Garrulus glandarius","Corvidae","Passeriformes","Omnivore"
"521",6948,"Garrulus lanceolatus","Corvidae","Passeriformes","Omnivore"
"522",6947,"Garrulus leucotis","Corvidae","Passeriformes","Omnivore"
"523",6949,"Garrulus lidthi","Corvidae","Passeriformes","Omnivore"
"524",7019,"Gymnorhinus cyanocephalus","Corvidae","Passeriformes","Omnivore"
"525",6962,"Nucifraga caryocatactes","Corvidae","Passeriformes","Granivore"
"526",6961,"Nucifraga columbiana","Corvidae","Passeriformes","Omnivore"
"527",6963,"Nucifraga hemispila","Corvidae","Passeriformes","Granivore"
"528",6964,"Nucifraga multipunctata","Corvidae","Passeriformes","Granivore"
"529",6940,"Perisoreus canadensis","Corvidae","Passeriformes","Omnivore"
"530",6941,"Perisoreus infaustus","Corvidae","Passeriformes","Omnivore"
"531",6942,"Perisoreus internigrans","Corvidae","Passeriformes","Omnivore"
"532",6958,"Pica asirensis","Corvidae","Passeriformes","Omnivore"
"533",6959,"Pica hudsonia","Corvidae","Passeriformes","Omnivore"
"534",6957,"Pica mauritanica","Corvidae","Passeriformes","Omnivore"
"535",6960,"Pica nutalli","Corvidae","Passeriformes","Omnivore"
"536",6956,"Pica pica","Corvidae","Passeriformes","Omnivore"
"537",6917,"Platysmurus aterrimus","Corvidae","Passeriformes","Omnivore"
"538",6916,"Platysmurus leucopterus","Corvidae","Passeriformes","Omnivore"
"539",6953,"Podoces biddulphi","Corvidae","Passeriformes","Omnivore"
"540",6952,"Podoces hendersoni","Corvidae","Passeriformes","Omnivore"
"541",6954,"Podoces panderi","Corvidae","Passeriformes","Omnivore"
"542",6955,"Podoces pleskei","Corvidae","Passeriformes","Omnivore"
"543",6951,"Ptilostomus afer","Corvidae","Passeriformes","Omnivore"
"544",6929,"Pyrrhocorax graculus","Corvidae","Passeriformes","Invertivore"
"545",6928,"Pyrrhocorax pyrrhocorax","Corvidae","Passeriformes","Invertivore"
"546",6918,"Temnurus temnurus","Corvidae","Passeriformes","Invertivore"
"547",6931,"Urocissa caerulea","Corvidae","Passeriformes","Omnivore"
"548",6933,"Urocissa erythroryncha","Corvidae","Passeriformes","Omnivore"
"549",6932,"Urocissa flavirostris","Corvidae","Passeriformes","Omnivore"
"550",6930,"Urocissa ornata","Corvidae","Passeriformes","Omnivore"
"551",6935,"Urocissa whiteheadi","Corvidae","Passeriformes","Omnivore"
"552",6934,"Urocissa xanthomelana","Corvidae","Passeriformes","Omnivore"
"553",6950,"Zavattariornis stresemanni","Corvidae","Passeriformes","Invertivore"
"554",10528,"Molothrus aeneus","Icteridae","Passeriformes","Granivore"
"555",10529,"Molothrus armenti","Icteridae","Passeriformes","Invertivore"
"556",10527,"Molothrus ater","Icteridae","Passeriformes","Invertivore"
"557",10526,"Molothrus bonariensis","Icteridae","Passeriformes","Invertivore"
"558",10525,"Molothrus oryzivorus","Icteridae","Passeriformes","Omnivore"
"559",10524,"Molothrus rufoaxillaris","Icteridae","Passeriformes","Invertivore"
"560",6905,"Lanius borealis","Laniidae","Passeriformes","Vertivore"
"561",6906,"Lanius excubitor","Laniidae","Passeriformes","Vertivore"
"562",6635,"Malaconotus monteiri","Malaconotidae","Passeriformes","Vertivore"
"563",5853,"Agriornis albicauda","Tyrannidae","Passeriformes","Vertivore"
"564",5854,"Agriornis lividus","Tyrannidae","Passeriformes","Vertivore"
"565",5855,"Agriornis micropterus","Tyrannidae","Passeriformes","Vertivore"
"566",5856,"Agriornis murinus","Tyrannidae","Passeriformes","Vertivore"
"567",2810,"Aegolius acadicus","Strigidae","Strigiformes","Vertivore"
"568",2808,"Aegolius funereus","Strigidae","Strigiformes","Vertivore"
"569",2812,"Aegolius harrisii","Strigidae","Strigiformes","Vertivore"
"570",2811,"Aegolius ridgwayi","Strigidae","Strigiformes","Vertivore"
"571",2872,"Asio abyssinicus","Strigidae","Strigiformes","Vertivore"
"572",2876,"Asio capensis","Strigidae","Strigiformes","Vertivore"
"573",2874,"Asio clamator","Strigidae","Strigiformes","Vertivore"
"574",2875,"Asio flammeus","Strigidae","Strigiformes","Vertivore"
"575",2873,"Asio madagascariensis","Strigidae","Strigiformes","Vertivore"
"576",2871,"Asio otus","Strigidae","Strigiformes","Vertivore"
"577",2870,"Asio stygius","Strigidae","Strigiformes","Vertivore"
"578",2807,"Athene blewitti","Strigidae","Strigiformes","Vertivore"
"579",2804,"Athene brama","Strigidae","Strigiformes","Invertivore"
"580",2803,"Athene cunicularia","Strigidae","Strigiformes","Vertivore"
"581",2805,"Athene noctua","Strigidae","Strigiformes","Omnivore"
"582",2806,"Athene superciliaris","Strigidae","Strigiformes","Invertivore"
"583",2932,"Bubo africanus","Strigidae","Strigiformes","Vertivore"
"584",2929,"Bubo ascalaphus","Strigidae","Strigiformes","Vertivore"
"585",2930,"Bubo bengalensis","Strigidae","Strigiformes","Vertivore"
"586",2942,"Bubo blakistoni","Strigidae","Strigiformes","Aquatic predator"
"587",2928,"Bubo bubo","Strigidae","Strigiformes","Vertivore"
"588",2931,"Bubo capensis","Strigidae","Strigiformes","Vertivore"
"589",2933,"Bubo cinerascens","Strigidae","Strigiformes","Vertivore"
"590",2939,"Bubo coromandus","Strigidae","Strigiformes","Vertivore"
"591",2935,"Bubo lacteus","Strigidae","Strigiformes","Vertivore"
"592",2940,"Bubo leucostictus","Strigidae","Strigiformes","Invertivore"
"593",2927,"Bubo magellanicus","Strigidae","Strigiformes","Vertivore"
"594",2938,"Bubo nipalensis","Strigidae","Strigiformes","Vertivore"
"595",2941,"Bubo philippensis","Strigidae","Strigiformes","Vertivore"
"596",2934,"Bubo poensis","Strigidae","Strigiformes","Vertivore"
"597",2925,"Bubo scandiacus","Strigidae","Strigiformes","Vertivore"
"598",2936,"Bubo shelleyi","Strigidae","Strigiformes","Vertivore"
"599",2937,"Bubo sumatranus","Strigidae","Strigiformes","Vertivore"
"600",2926,"Bubo virginianus","Strigidae","Strigiformes","Vertivore"
"601",2952,"Ciccaba albitarsis","Strigidae","Strigiformes","Omnivore"
"602",2951,"Ciccaba huhula","Strigidae","Strigiformes","Invertivore"
"603",2950,"Ciccaba nigrolineata","Strigidae","Strigiformes","Invertivore"
"604",2949,"Ciccaba virgata","Strigidae","Strigiformes","Vertivore"
"605",2780,"Glaucidium albertinum","Strigidae","Strigiformes","Invertivore"
"606",2788,"Glaucidium bolivianum","Strigidae","Strigiformes","Omnivore"
"607",2796,"Glaucidium brasilianum","Strigidae","Strigiformes","Invertivore"
"608",2770,"Glaucidium brodiei","Strigidae","Strigiformes","Vertivore"
"609",2782,"Glaucidium californicum","Strigidae","Strigiformes","Vertivore"
"610",2778,"Glaucidium capense","Strigidae","Strigiformes","Invertivore"
"611",2779,"Glaucidium castaneum","Strigidae","Strigiformes","Omnivore"
"612",2775,"Glaucidium castanopterum","Strigidae","Strigiformes","Invertivore"
"613",2777,"Glaucidium castanotum","Strigidae","Strigiformes","Invertivore"
"614",2783,"Glaucidium cobanense","Strigidae","Strigiformes","Invertivore"
"615",2785,"Glaucidium costaricanum","Strigidae","Strigiformes","Invertivore"
"616",2774,"Glaucidium cuculoides","Strigidae","Strigiformes","Invertivore"
"617",2781,"Glaucidium gnoma","Strigidae","Strigiformes","Invertivore"
"618",2791,"Glaucidium griseiceps","Strigidae","Strigiformes","Invertivore"
"619",2793,"Glaucidium hardyi","Strigidae","Strigiformes","Invertivore"
"620",2784,"Glaucidium hoskinsii","Strigidae","Strigiformes","Invertivore"
"621",2787,"Glaucidium jardinii","Strigidae","Strigiformes","Vertivore"
"622",2794,"Glaucidium minutissimum","Strigidae","Strigiformes","Invertivore"
"623",2795,"Glaucidium mooreorum","Strigidae","Strigiformes","Omnivore"
"624",2799,"Glaucidium nana","Strigidae","Strigiformes","Vertivore"
"625",2786,"Glaucidium nubicola","Strigidae","Strigiformes","Omnivore"
"626",2789,"Glaucidium palmarum","Strigidae","Strigiformes","Vertivore"
"627",2792,"Glaucidium parkeri","Strigidae","Strigiformes","Vertivore"
"628",2769,"Glaucidium passerinum","Strigidae","Strigiformes","Vertivore"
"629",2771,"Glaucidium perlatum","Strigidae","Strigiformes","Invertivore"
"630",2798,"Glaucidium peruanum","Strigidae","Strigiformes","Omnivore"
"631",2776,"Glaucidium radiatum","Strigidae","Strigiformes","Invertivore"
"632",2790,"Glaucidium sanchezi","Strigidae","Strigiformes","Omnivore"
"633",2800,"Glaucidium siju","Strigidae","Strigiformes","Invertivore"
"634",2773,"Glaucidium sjostedti","Strigidae","Strigiformes","Invertivore"
"635",2772,"Glaucidium tephronotum","Strigidae","Strigiformes","Invertivore"
"636",2797,"Glaucidium tucumanum","Strigidae","Strigiformes","Invertivore"
"637",2923,"Jubula lettii","Strigidae","Strigiformes","Invertivore"
"638",2944,"Ketupa flavipes","Strigidae","Strigiformes","Aquatic predator"
"639",2945,"Ketupa ketupu","Strigidae","Strigiformes","Aquatic predator"
"640",2943,"Ketupa zeylonensis","Strigidae","Strigiformes","Aquatic predator"
"641",2924,"Lophostrix cristata","Strigidae","Strigiformes","Invertivore"
"642",2903,"Margarobyas lawrencii","Strigidae","Strigiformes","Invertivore"
"643",2902,"Megascops albogularis","Strigidae","Strigiformes","Invertivore"
"644",2883,"Megascops asio","Strigidae","Strigiformes","Invertivore"
"645",2899,"Megascops atricapilla","Strigidae","Strigiformes","Invertivore"
"646",2890,"Megascops barbarus","Strigidae","Strigiformes","Invertivore"
"647",2886,"Megascops choliba","Strigidae","Strigiformes","Invertivore"
"648",2889,"Megascops clarkii","Strigidae","Strigiformes","Invertivore"
"649",2891,"Megascops colombianus","Strigidae","Strigiformes","Omnivore"
"650",2882,"Megascops cooperi","Strigidae","Strigiformes","Invertivore"
"651",2884,"Megascops gilesi","Strigidae","Strigiformes","Invertivore"
"652",2896,"Megascops guatemalae","Strigidae","Strigiformes","Invertivore"
"653",2898,"Megascops hoyi","Strigidae","Strigiformes","Invertivore"
"654",2892,"Megascops ingens","Strigidae","Strigiformes","Invertivore"
"655",2880,"Megascops kennicottii","Strigidae","Strigiformes","Invertivore"
"656",2888,"Megascops koepckeae","Strigidae","Strigiformes","Invertivore"
"657",2894,"Megascops marshalli","Strigidae","Strigiformes","Invertivore"
"658",2901,"Megascops nudipes","Strigidae","Strigiformes","Invertivore"
"659",2893,"Megascops petersoni","Strigidae","Strigiformes","Invertivore"
"660",2887,"Megascops roboratus","Strigidae","Strigiformes","Invertivore"
"661",2900,"Megascops sanctaecatarinae","Strigidae","Strigiformes","Invertivore"
"662",2881,"Megascops seductus","Strigidae","Strigiformes","Invertivore"
"663",2885,"Megascops trichopsis","Strigidae","Strigiformes","Invertivore"
"664",2897,"Megascops vermiculatus","Strigidae","Strigiformes","Invertivore"
"665",2895,"Megascops watsonii","Strigidae","Strigiformes","Invertivore"
"666",2802,"Micrathene whitneyi","Strigidae","Strigiformes","Invertivore"
"667",2878,"Nesasio solomonensis","Strigidae","Strigiformes","Vertivore"
"668",2737,"Ninox affinis","Strigidae","Strigiformes","Invertivore"
"669",2730,"Ninox boobook","Strigidae","Strigiformes","Invertivore"
"670",2746,"Ninox burhani","Strigidae","Strigiformes","Invertivore"
"671",2728,"Ninox connivens","Strigidae","Strigiformes","Vertivore"
"672",2752,"Ninox forbesi","Strigidae","Strigiformes","Invertivore"
"673",2760,"Ninox granti","Strigidae","Strigiformes","Invertivore"
"674",2750,"Ninox hantu","Strigidae","Strigiformes","Invertivore"
"675",2749,"Ninox hypogramma","Strigidae","Strigiformes","Invertivore"
"676",2748,"Ninox ios","Strigidae","Strigiformes","Invertivore"
"677",2759,"Ninox jacquinoti","Strigidae","Strigiformes","Invertivore"
"678",2733,"Ninox japonica","Strigidae","Strigiformes","Invertivore"
"679",2731,"Ninox leucopsis","Strigidae","Strigiformes","Invertivore"
"680",2740,"Ninox leventisi","Strigidae","Strigiformes","Omnivore"
"681",2761,"Ninox malaitae","Strigidae","Strigiformes","Invertivore"
"682",2754,"Ninox meeki","Strigidae","Strigiformes","Invertivore"
"683",2744,"Ninox mindorensis","Strigidae","Strigiformes","Omnivore"
"684",2753,"Ninox natalis","Strigidae","Strigiformes","Invertivore"
"685",2732,"Ninox novaeseelandiae","Strigidae","Strigiformes","Invertivore"
"686",2736,"Ninox obscura","Strigidae","Strigiformes","Invertivore"
"687",2747,"Ninox ochracea","Strigidae","Strigiformes","Invertivore"
"688",2757,"Ninox odiosa","Strigidae","Strigiformes","Omnivore"
"689",2738,"Ninox philippensis","Strigidae","Strigiformes","Omnivore"
"690",2756,"Ninox punctulata","Strigidae","Strigiformes","Omnivore"
"691",2735,"Ninox randi","Strigidae","Strigiformes","Invertivore"
"692",2741,"Ninox reyi","Strigidae","Strigiformes","Omnivore"
"693",2762,"Ninox roseoaxillaris","Strigidae","Strigiformes","Invertivore"
"694",2729,"Ninox rudolfi","Strigidae","Strigiformes","Invertivore"
"695",2726,"Ninox rufa","Strigidae","Strigiformes","Vertivore"
"696",2742,"Ninox rumseyi","Strigidae","Strigiformes","Omnivore"
"697",2734,"Ninox scutulata","Strigidae","Strigiformes","Invertivore"
"698",2739,"Ninox spilocephala","Strigidae","Strigiformes","Omnivore"
"699",2743,"Ninox spilonotus","Strigidae","Strigiformes","Omnivore"
"700",2751,"Ninox squamipila","Strigidae","Strigiformes","Invertivore"
"701",2727,"Ninox strenua","Strigidae","Strigiformes","Vertivore"
"702",2745,"Ninox sumbaensis","Strigidae","Strigiformes","Invertivore"
"703",2755,"Ninox theomacha","Strigidae","Strigiformes","Invertivore"
"704",2758,"Ninox variegata","Strigidae","Strigiformes","Invertivore"
"705",2833,"Otus alfredi","Strigidae","Strigiformes","Invertivore"
"706",2831,"Otus alius","Strigidae","Strigiformes",NA
"707",2835,"Otus angelinae","Strigidae","Strigiformes","Invertivore"
"708",2822,"Otus bakkamoena","Strigidae","Strigiformes","Invertivore"
"709",2832,"Otus balli","Strigidae","Strigiformes","Invertivore"
"710",2866,"Otus beccarii","Strigidae","Strigiformes",NA
"711",2836,"Otus brookii","Strigidae","Strigiformes","Invertivore"
"712",2844,"Otus brucei","Strigidae","Strigiformes","Invertivore"
"713",2850,"Otus capnodes","Strigidae","Strigiformes","Invertivore"
"714",2861,"Otus collari","Strigidae","Strigiformes","Invertivore"
"715",2843,"Otus cyprius","Strigidae","Strigiformes","Invertivore"
"716",2856,"Otus elegans","Strigidae","Strigiformes","Invertivore"
"717",2829,"Otus enganensis","Strigidae","Strigiformes","Invertivore"
"718",2825,"Otus everetti","Strigidae","Strigiformes","Invertivore"
"719",2840,"Otus feae","Strigidae","Strigiformes","Invertivore"
"720",2826,"Otus fuliginosus","Strigidae","Strigiformes","Invertivore"
"721",2818,"Otus gurneyi","Strigidae","Strigiformes","Vertivore"
"722",2841,"Otus hartlaubi","Strigidae","Strigiformes",NA
"723",2816,"Otus icterorhynchus","Strigidae","Strigiformes","Invertivore"
"724",2854,"Otus insularis","Strigidae","Strigiformes","Invertivore"
"725",2817,"Otus ireneae","Strigidae","Strigiformes","Invertivore"
"726",2864,"Otus jolandae","Strigidae","Strigiformes","Invertivore"
"727",2821,"Otus lempiji","Strigidae","Strigiformes","Invertivore"
"728",2820,"Otus lettia","Strigidae","Strigiformes","Invertivore"
"729",2845,"Otus longicornis","Strigidae","Strigiformes","Invertivore"
"730",2863,"Otus magicus","Strigidae","Strigiformes","Invertivore"
"731",2858,"Otus manadensis","Strigidae","Strigiformes","Invertivore"
"732",2862,"Otus mantananensis","Strigidae","Strigiformes","Invertivore"
"733",2849,"Otus mayottensis","Strigidae","Strigiformes","Invertivore"
"734",2823,"Otus megalotis","Strigidae","Strigiformes","Invertivore"
"735",2859,"Otus mendeni","Strigidae","Strigiformes","Invertivore"
"736",2827,"Otus mentawi","Strigidae","Strigiformes","Invertivore"
"737",2847,"Otus mindorensis","Strigidae","Strigiformes","Invertivore"
"738",2846,"Otus mirus","Strigidae","Strigiformes",NA
"739",2852,"Otus moheliensis","Strigidae","Strigiformes","Invertivore"
"740",2824,"Otus nigrorum","Strigidae","Strigiformes","Invertivore"
"741",2837,"Otus pamelae","Strigidae","Strigiformes","Invertivore"
"742",2851,"Otus pauliani","Strigidae","Strigiformes","Invertivore"
"743",2838,"Otus pembaensis","Strigidae","Strigiformes","Invertivore"
"744",2814,"Otus rufescens","Strigidae","Strigiformes","Invertivore"
"745",2848,"Otus rutilus","Strigidae","Strigiformes","Invertivore"
"746",2813,"Otus sagittatus","Strigidae","Strigiformes","Invertivore"
"747",2842,"Otus scops","Strigidae","Strigiformes","Invertivore"
"748",2819,"Otus semitorques","Strigidae","Strigiformes","Invertivore"
"749",2839,"Otus senegalensis","Strigidae","Strigiformes","Invertivore"
"750",2857,"Otus siaoensis","Strigidae","Strigiformes",NA
"751",2828,"Otus silvicola","Strigidae","Strigiformes","Invertivore"
"752",2853,"Otus socotranus","Strigidae","Strigiformes","Invertivore"
"753",2834,"Otus spilocephalus","Strigidae","Strigiformes","Invertivore"
"754",2860,"Otus sulaensis","Strigidae","Strigiformes","Invertivore"
"755",2855,"Otus sunia","Strigidae","Strigiformes","Invertivore"
"756",2865,"Otus tempestatis","Strigidae","Strigiformes","Invertivore"
"757",2815,"Otus thilohoffmanni","Strigidae","Strigiformes","Invertivore"
"758",2830,"Otus umbra","Strigidae","Strigiformes","Invertivore"
"759",2877,"Pseudoscops grammicus","Strigidae","Strigiformes","Invertivore"
"760",2879,"Psiloscops flammeolus","Strigidae","Strigiformes","Invertivore"
"761",2869,"Ptilopsis granti","Strigidae","Strigiformes","Invertivore"
"762",2868,"Ptilopsis leucotis","Strigidae","Strigiformes","Vertivore"
"763",2905,"Pulsatrix koeniswaldiana","Strigidae","Strigiformes","Vertivore"
"764",2906,"Pulsatrix melanota","Strigidae","Strigiformes","Vertivore"
"765",2904,"Pulsatrix perspicillata","Strigidae","Strigiformes","Vertivore"
"766",2867,"Pyrroglaux podargina","Strigidae","Strigiformes","Invertivore"
"767",2948,"Scotopelia bouvieri","Strigidae","Strigiformes","Aquatic predator"
"768",2946,"Scotopelia peli","Strigidae","Strigiformes","Aquatic predator"
"769",2947,"Scotopelia ussheri","Strigidae","Strigiformes","Aquatic predator"
"770",2910,"Strix aluco","Strigidae","Strigiformes","Vertivore"
"771",2913,"Strix butleri","Strigidae","Strigiformes","Vertivore"
"772",2918,"Strix chacoensis","Strigidae","Strigiformes","Vertivore"
"773",2916,"Strix fulvescens","Strigidae","Strigiformes","Vertivore"
"774",2912,"Strix hadorami","Strigidae","Strigiformes","Vertivore"
"775",2917,"Strix hylophila","Strigidae","Strigiformes","Vertivore"
"776",2909,"Strix leptogrammica","Strigidae","Strigiformes","Vertivore"
"777",2921,"Strix nebulosa","Strigidae","Strigiformes","Vertivore"
"778",2911,"Strix nivicolum","Strigidae","Strigiformes","Vertivore"
"779",2914,"Strix occidentalis","Strigidae","Strigiformes","Vertivore"
"780",2908,"Strix ocellata","Strigidae","Strigiformes","Vertivore"
"781",2919,"Strix rufipes","Strigidae","Strigiformes","Vertivore"
"782",2907,"Strix seloputo","Strigidae","Strigiformes","Vertivore"
"783",2920,"Strix uralensis","Strigidae","Strigiformes","Vertivore"
"784",2915,"Strix varia","Strigidae","Strigiformes","Vertivore"
"785",2922,"Strix woodfordii","Strigidae","Strigiformes","Invertivore"
"786",2768,"Surnia ulula","Strigidae","Strigiformes","Vertivore"
"787",2763,"Uroglaux dimorpha","Strigidae","Strigiformes","Omnivore"
"788",2801,"Xenoglaux loweryi","Strigidae","Strigiformes","Invertivore"
"789",2711,"Phodilus assimilis","Tytonidae","Strigiformes","Vertivore"
"790",2710,"Phodilus badius","Tytonidae","Strigiformes","Vertivore"
"791",2712,"Phodilus prigoginei","Tytonidae","Strigiformes","Vertivore"
"792",2724,"Tyto alba","Tytonidae","Strigiformes","Vertivore"
"793",2719,"Tyto almae","Tytonidae","Strigiformes","Vertivore"
"794",2718,"Tyto aurantia","Tytonidae","Strigiformes","Vertivore"
"795",2713,"Tyto capensis","Tytonidae","Strigiformes","Vertivore"
"796",2725,"Tyto glaucops","Tytonidae","Strigiformes","Vertivore"
"797",2721,"Tyto inexspectata","Tytonidae","Strigiformes","Vertivore"
"798",2714,"Tyto longimembris","Tytonidae","Strigiformes","Vertivore"
"799",2716,"Tyto multipunctata","Tytonidae","Strigiformes","Vertivore"
"800",2720,"Tyto nigrobrunnea","Tytonidae","Strigiformes","Vertivore"
"801",2717,"Tyto novaehollandiae","Tytonidae","Strigiformes","Vertivore"
"802",2722,"Tyto rosenbergii","Tytonidae","Strigiformes","Vertivore"
"803",2723,"Tyto soumagnei","Tytonidae","Strigiformes","Vertivore"
"804",2715,"Tyto tenebricosa","Tytonidae","Strigiformes","Vertivore"
